0,0,0,0,0,0,0,0,0,0
0.001,1.88896e-07,-6.17168e-11,2.18538e-09,0.000566396,-1.87498e-07,6.53559e-06,1.13163,-0.000384384,0.0129891
0.002,1.50883e-06,-5.12514e-10,1.73192e-08,0.00226092,-7.87551e-07,2.58156e-05,2.25625,-0.000825116,0.0254904
0.003,5.08444e-06,-1.79312e-09,5.79035e-08,0.00507657,-1.85652e-06,5.73568e-05,3.37388,-0.00132221,0.0375129
0.004,1.20333e-05,-4.40065e-09,1.35962e-07,0.00900635,-3.45078e-06,0.000100685,4.48451,-0.0018757,0.049066
0.005,2.34662e-05,-8.88858e-09,2.63047e-07,0.0140433,-5.62673e-06,0.000155335,5.58815,-0.0024856,0.0601585
0.006,4.04866e-05,-1.58668e-08,4.50254e-07,0.0201803,-8.4408e-06,0.000220852,6.68478,-0.00315194,0.0707998
0.007,6.41912e-05,-2.60017e-08,7.08224e-07,0.0274105,-1.19494e-05,0.000296788,7.77441,-0.00387473,0.080999
0.008,9.56696e-05,-4.0016e-08,1.04716e-06,0.0357268,-1.62091e-05,0.000382705,8.85704,-0.00465399,0.0907652
0.009,0.000136004,-5.8689e-08,1.47682e-06,0.0451222,-2.12762e-05,0.000478177,9.93268,-0.00548976,0.100107
0.01,0.000186271,-8.28565e-08,2.00655e-06,0.0555898,-2.72074e-05,0.000582782,11.0013,-0.00638204,0.109035
0.011,0.000247539,-1.13411e-07,2.64529e-06,0.0671225,-3.40592e-05,0.000696111,12.0629,-0.00733087,0.117557
0.012,0.000320869,-1.51301e-07,3.40155e-06,0.0797134,-4.1888e-05,0.000817764,13.1176,-0.00833626,0.125683
0.013,0.000407316,-1.97531e-07,4.28346e-06,0.0933553,-5.07506e-05,0.000947347,14.1652,-0.00939823,0.133421
0.014,0.000507928,-2.53165e-07,5.29876e-06,0.108041,-6.07034e-05,0.00108448,15.2058,-0.0105168,0.140781
0.015,0.000623745,-3.1932e-07,6.45481e-06,0.123765,-7.18031e-05,0.00122879,16.2394,-0.011692,0.147772
0.016,0.0007558,-3.97172e-07,7.7586e-06,0.140518,-8.41063e-05,0.0013799,17.266,-0.0129239,0.154403
0.017,0.000905121,-4.87953e-07,9.21677e-06,0.158294,-9.76697e-05,0.00153748,18.2856,-0.0142124,0.160684
0.018,0.00107273,-5.92951e-07,1.08356e-05,0.177087,-0.00011255,0.00170116,19.2982,-0.0155576,0.166623
0.019,0.00125963,-7.13511e-07,1.2621e-05,0.196888,-0.000128804,0.00187061,20.3038,-0.0169596,0.172229
0.02,0.00146684,-8.51035e-07,1.45786e-05,0.217692,-0.000146488,0.00204551,21.3024,-0.0184183,0.177512
0.021,0.00169535,-1.00698e-06,1.67137e-05,0.239491,-0.000165659,0.00222553,22.294,-0.0199337,0.182481
0.022,0.00194615,-1.18287e-06,1.90313e-05,0.262278,-0.000186374,0.00241037,23.2786,-0.0215059,0.187145
0.023,0.00222023,-1.38027e-06,2.1536e-05,0.286046,-0.00020869,0.00259972,24.2561,-0.0231349,0.191513
0.024,0.00251857,-1.6008e-06,2.42321e-05,0.310788,-0.000232663,0.0027933,25.2267,-0.0248208,0.195594
0.025,0.00284213,-1.84616e-06,2.71239e-05,0.336497,-0.000258351,0.00299082,26.1902,-0.0265635,0.199397
0.026,0.00319188,-2.11809e-06,3.0215e-05,0.363166,-0.000285809,0.003192,27.1467,-0.028363,0.202933
0.027,0.00356878,-2.41839e-06,3.3509e-05,0.390788,-0.000315096,0.00339659,28.0963,-0.0302195,0.206208
0.028,0.00397377,-2.74891e-06,3.70092e-05,0.419356,-0.000346267,0.00360434,29.0388,-0.0321328,0.209234
0.029,0.0044078,-3.11157e-06,4.07187e-05,0.448863,-0.00037938,0.00381498,29.9743,-0.0341031,0.212018
0.03,0.00487181,-3.50834e-06,4.46401e-05,0.479302,-0.000414492,0.0040283,30.9028,-0.0361303,0.214571
0.031,0.00536671,-3.94124e-06,4.87761e-05,0.510666,-0.00045166,0.00424405,31.8242,-0.0382146,0.216901
0.032,0.00589344,-4.41236e-06,5.31289e-05,0.542948,-0.00049094,0.00446203,32.7387,-0.0403558,0.219017
0.033,0.00645291,-4.92385e-06,5.77008e-05,0.576141,-0.00053239,0.00468202,33.6462,-0.042554,0.220929
0.034,0.00704603,-5.47789e-06,6.24936e-05,0.610238,-0.000576067,0.00490382,34.5466,-0.0448093,0.222645
0.035,0.00767369,-6.07674e-06,6.7509e-05,0.645232,-0.000622028,0.00512724,35.44,-0.0471216,0.224175
0.036,0.00833679,-6.72272e-06,7.27485e-05,0.681116,-0.00067033,0.00535211,36.3264,-0.049491,0.225528
0.037,0.00903622,-7.4182e-06,7.82136e-05,0.717883,-0.000721029,0.00557824,37.2058,-0.0519176,0.226713
0.038,0.00977285,-8.1656e-06,8.39054e-05,0.755525,-0.000774184,0.00580548,38.0782,-0.0544012,0.22774
0.039,0.0105476,-8.9674e-06,8.98249e-05,0.794037,-0.000829851,0.00603367,38.9435,-0.056942,0.228616
0.04,0.0113612,-9.82616e-06,9.5973e-05,0.83341,-0.000888087,0.00626267,39.8019,-0.05954,0.229352
0.041,0.0122147,-1.07445e-05,0.00010235,0.873638,-0.00094895,0.00649233,40.6532,-0.0621951,0.229957
0.042,0.0137681,-1.24596e-05,0.000113784,0.94436,-0.00105923,0.0068861,42.0921,-0.066866,0.230711
0.043,0.0147336,-1.35528e-05,0.000120786,0.986869,-0.0011275,0.00711696,42.9244,-0.0696751,0.230996
0.044,0.0157421,-1.47156e-05,0.000128018,1.03021,-0.0011986,0.00734805,43.7498,-0.0725397,0.231165
0.045,0.0167943,-1.59509e-05,0.000135482,1.07437,-0.00127259,0.00757925,44.5681,-0.0754588,0.231218
0.046,0.0178911,-1.72617e-05,0.000143177,1.11934,-0.00134953,0.00781045,45.3794,-0.0784315,0.231157
0.047,0.0190333,-1.8651e-05,0.000151103,1.16512,-0.00142947,0.00804153,46.1837,-0.0814569,0.230981
0.048,0.0202216,-2.01217e-05,0.00015926,1.21171,-0.00151246,0.00827237,46.9811,-0.0845342,0.230691
0.049,0.0214569,-2.16769e-05,0.000167647,1.25908,-0.00159856,0.00850287,47.7715,-0.0876623,0.230286
0.05,0.02274,-2.33199e-05,0.000176265,1.30725,-0.00168781,0.0087329,48.5549,-0.0908404,0.229766
0.051,0.0240717,-2.50536e-05,0.000185113,1.35619,-0.00178026,0.00896236,49.3313,-0.0940677,0.229133
0.052,0.0254527,-2.68815e-05,0.00019419,1.40591,-0.00187596,0.00919113,50.1008,-0.0973431,0.228386
0.053,0.0268838,-2.88066e-05,0.000203495,1.45639,-0.00197496,0.0094191,50.8634,-0.100666,0.227526
0.054,0.0283657,-3.08325e-05,0.000213028,1.50763,-0.0020773,0.00964615,51.619,-0.104035,0.226552
0.055,0.0298993,-3.29624e-05,0.000222787,1.55962,-0.00218304,0.00987216,52.3677,-0.10745,0.225464
0.056,0.0314852,-3.51997e-05,0.000232772,1.61236,-0.00229222,0.010097,53.1095,-0.110909,0.224264
0.057,0.0331242,-3.7548e-05,0.000242981,1.66584,-0.00240488,0.0103207,53.8444,-0.114412,0.222951
0.058,0.0348171,-4.00106e-05,0.000253413,1.72005,-0.00252106,0.0105429,54.5723,-0.117957,0.221525
0.059,0.0365646,-4.25913e-05,0.000264066,1.77498,-0.0026408,0.0107637,55.2933,-0.121545,0.219987
0.06,0.0383673,-4.52935e-05,0.000274939,1.83063,-0.00276416,0.0109828,56.0075,-0.125173,0.218336
0.061,0.0402261,-4.81208e-05,0.000286031,1.887,-0.00289116,0.0112003,56.7147,-0.128842,0.216574
0.062,0.0421416,-5.1077e-05,0.000297339,1.94406,-0.00302186,0.0114159,57.4151,-0.13255,0.214699
0.063,0.0441145,-5.41658e-05,0.000308862,2.00182,-0.00315628,0.0116297,58.1086,-0.136296,0.212713
0.064,0.0461454,-5.73908e-05,0.000320598,2.06028,-0.00329446,0.0118413,58.7952,-0.140079,0.210615
0.065,0.0482352,-6.0756e-05,0.000332544,2.11941,-0.00343645,0.0120509,59.4749,-0.143899,0.208406
0.066,0.0503845,-6.4265e-05,0.000344699,2.17922,-0.00358227,0.0122581,60.1478,-0.147755,0.206086
0.067,0.0525939,-6.79218e-05,0.00035706,2.23971,-0.00373197,0.012463,60.8139,-0.151645,0.203655
0.068,0.0548641,-7.17302e-05,0.000369624,2.30085,-0.00388557,0.0126654,61.4731,-0.155568,0.201114
0.069,0.0571958,-7.56943e-05,0.00038239,2.36265,-0.00404312,0.0128652,62.1254,-0.159525,0.198462
0.07,0.0595896,-7.98178e-05,0.000395354,2.4251,-0.00420463,0.0130623,62.771,-0.163514,0.195699
0.071,0.0620462,-8.41049e-05,0.000408513,2.48819,-0.00437015,0.0132565,63.4097,-0.167533,0.192827
0.072,0.0645662,-8.85594e-05,0.000421866,2.55192,-0.00453971,0.0134479,64.0416,-0.171583,0.189844
0.073,0.0671503,-9.31856e-05,0.000435408,2.61627,-0.00471333,0.0136362,64.6666,-0.175662,0.186752
0.074,0.069799,-9.79875e-05,0.000449137,2.68125,-0.00489104,0.0138214,65.2849,-0.179769,0.18355
0.075,0.072513,-0.000102969,0.00046305,2.74684,-0.00507288,0.0140033,65.8964,-0.183904,0.180239
0.076,0.0752929,-0.000108135,0.000477142,2.81304,-0.00525886,0.0141818,66.5011,-0.188065,0.176818
0.077,0.0781392,-0.000113488,0.000491412,2.87984,-0.00544902,0.0143569,67.099,-0.192252,0.173289
0.078,0.0810527,-0.000119034,0.000505855,2.94723,-0.00564337,0.0145283,67.6901,-0.196464,0.169651
0.079,0.0840339,-0.000124776,0.000520467,3.01522,-0.00584195,0.0146961,68.2745,-0.200699,0.165904
0.08,0.0870834,-0.000130719,0.000535246,3.08378,-0.00604478,0.0148601,68.8521,-0.204958,0.162049
0.081,0.0902017,-0.000136867,0.000550186,3.15292,-0.00625188,0.0150202,69.4229,-0.209238,0.158086
0.082,0.0933894,-0.000143225,0.000565285,3.22262,-0.00646326,0.0151762,69.987,-0.21354,0.154015
0.083,0.0966471,-0.000149795,0.000580537,3.29289,-0.00667896,0.0153282,70.5443,-0.217861,0.149835
0.084,0.0985011,-0.000153568,0.00058914,3.33246,-0.00680157,0.0154114,70.8533,-0.220288,0.14745
0.085,0.101869,-0.00016048,0.000604624,3.40359,-0.00702404,0.0155567,71.4002,-0.224639,0.143109
0.086,0.105308,-0.000167617,0.000620252,3.47526,-0.00725086,0.0156976,71.9403,-0.229005,0.138669
0.087,0.10882,-0.000174983,0.000636018,3.54746,-0.00748205,0.015834,72.4737,-0.233385,0.134135
0.088,0.112404,-0.000182583,0.000651918,3.6202,-0.00771763,0.0159658,73.0004,-0.237777,0.129512
0.089,0.11606,-0.00019042,0.000667948,3.69346,-0.00795761,0.016093,73.5204,-0.24218,0.124805
0.09,0.119791,-0.000198499,0.000684102,3.76724,-0.00820199,0.0162154,74.0336,-0.246591,0.120019
0.091,0.123595,-0.000206825,0.000700377,3.84153,-0.00845079,0.016333,74.5403,-0.251009,0.115157
0.092,0.127474,-0.000215402,0.000716767,3.91632,-0.00870401,0.0164457,75.0402,-0.255431,0.110225
0.093,0.131428,-0.000224235,0.000733267,3.99161,-0.00896166,0.0165534,75.5334,-0.259856,0.105228
0.094,0.135457,-0.000233327,0.000749872,4.06738,-0.00922372,0.0166561,76.02,-0.264282,0.100169
0.095,0.139563,-0.000242684,0.000766577,4.14364,-0.00949022,0.0167537,76.4999,-0.268707,0.0950542
0.096,0.143745,-0.000252309,0.000783378,4.22038,-0.00976114,0.0168462,76.9732,-0.273128,0.0898877
0.097,0.148004,-0.000262208,0.000800268,4.29759,-0.0100365,0.0169335,77.4399,-0.277546,0.0846743
0.098,0.15234,-0.000272384,0.000817243,4.37526,-0.0103162,0.0170155,77.8999,-0.281956,0.0794185
0.099,0.156754,-0.000282842,0.000834297,4.45339,-0.0106004,0.0170923,78.3532,-0.286358,0.0741252
0.1,0.161247,-0.000293586,0.000851426,4.53196,-0.0108889,0.0171638,78.8,-0.290749,0.0687989
0.101,0.165818,-0.000304621,0.000868623,4.61098,-0.0111819,0.0172299,79.2401,-0.295129,0.0634443
0.102,0.170469,-0.000315951,0.000885884,4.69044,-0.0114792,0.0172907,79.6736,-0.299494,0.0580662
0.103,0.175199,-0.000327581,0.000903202,4.77033,-0.0117809,0.017346,80.1006,-0.303842,0.0526691
0.104,0.18001,-0.000339514,0.000920574,4.85064,-0.0120869,0.017396,80.5209,-0.308173,0.0472578
0.105,0.184901,-0.000351756,0.000937993,4.93137,-0.0123972,0.0174405,80.9347,-0.312484,0.0418369
0.106,0.189873,-0.00036431,0.000955453,5.01251,-0.0127118,0.0174797,81.3419,-0.316774,0.0364111
0.107,0.194926,-0.000377181,0.00097295,5.09405,-0.0130307,0.0175134,81.7425,-0.32104,0.0309851
0.108,0.200061,-0.000390373,0.000990478,5.17599,-0.0133539,0.0175416,82.1365,-0.32528,0.0255635
0.109,0.205278,-0.00040389,0.00100803,5.25832,-0.0136813,0.0175645,82.524,-0.329493,0.020151
0.11,0.210578,-0.000417737,0.00102561,5.34104,-0.0140129,0.0175819,82.905,-0.333676,0.0147523
0.111,0.21596,-0.000431917,0.00104319,5.42413,-0.0143486,0.017594,83.2794,-0.337829,0.00937206
0.112,0.221426,-0.000446436,0.00106079,5.50759,-0.0146885,0.0176007,83.6473,-0.341948,0.00401494
0.113,0.226976,-0.000461296,0.00107839,5.59142,-0.0150325,0.017602,84.0087,-0.346032,-0.00131437
0.114,0.232609,-0.000476502,0.00109599,5.67561,-0.0153806,0.0175981,84.3635,-0.35008,-0.00661122
0.115,0.238327,-0.000492058,0.00111359,5.76015,-0.0157327,0.0175888,84.7118,-0.354089,-0.0118709
0.116,0.24413,-0.000507969,0.00113117,5.84503,-0.0160887,0.0175743,85.0537,-0.358058,-0.0170888
0.117,0.250017,-0.000524237,0.00114873,5.93025,-0.0164488,0.0175547,85.389,-0.361984,-0.0222602
0.118,0.25599,-0.000540867,0.00116628,6.0158,-0.0168127,0.0175298,85.7179,-0.365865,-0.0273804
0.119,0.262049,-0.000557864,0.00118379,6.10168,-0.0171805,0.0174999,86.0402,-0.369701,-0.0324448
0.12,0.268194,-0.00057523,0.00120128,6.18788,-0.0175521,0.017465,86.3561,-0.373488,-0.0374487
0.121,0.274425,-0.000592969,0.00121872,6.27439,-0.0179274,0.017425,86.6656,-0.377226,-0.0423874
0.122,0.280742,-0.000611086,0.00123612,6.36121,-0.0183065,0.0173802,86.9686,-0.380911,-0.0472562
0.123,0.287147,-0.000629583,0.00125348,6.44833,-0.0186892,0.0173306,87.2651,-0.384543,-0.0520506
0.124,0.293639,-0.000648465,0.00127078,6.53574,-0.0190756,0.0172761,87.5552,-0.388119,-0.0567657
0.125,0.302455,-0.000674316,0.00129383,6.65305,-0.0195976,0.0171961,87.9329,-0.39281,-0.0629384
0.126,0.309152,-0.00069411,0.00131099,6.74112,-0.0199921,0.0171309,88.208,-0.396248,-0.0674559
0.127,0.315938,-0.000714301,0.00132809,6.82946,-0.0203901,0.0170612,88.4766,-0.399623,-0.0718886
0.128,0.322811,-0.000734892,0.00134511,6.91807,-0.0207914,0.0169872,88.7388,-0.402934,-0.0762365
0.129,0.329774,-0.000755885,0.00136206,7.00694,-0.0211959,0.0169088,88.9946,-0.406177,-0.0804999
0.13,0.336825,-0.000777285,0.00137893,7.09606,-0.0216037,0.0168262,89.244,-0.40935,-0.0846791
0.131,0.343966,-0.000799094,0.00139571,7.18542,-0.0220146,0.0167395,89.4869,-0.412451,-0.0887743
0.132,0.351196,-0.000821315,0.00141241,7.27503,-0.0224286,0.0166487,89.7234,-0.415477,-0.0927857
0.133,0.358516,-0.000843952,0.00142901,7.36487,-0.0228455,0.0165539,89.9535,-0.418427,-0.0967136
0.134,0.365926,-0.000867007,0.00144551,7.45493,-0.0232654,0.0164553,90.1772,-0.421297,-0.100558
0.135,0.373426,-0.000890483,0.00146192,7.54522,-0.0236881,0.0163528,90.3945,-0.424086,-0.10432
0.136,0.381017,-0.000914384,0.00147822,7.63572,-0.0241135,0.0162467,90.6054,-0.426792,-0.107999
0.137,0.388698,-0.000938711,0.00149441,7.72643,-0.0245416,0.0161369,90.8098,-0.429411,-0.111595
0.138,0.396469,-0.000963468,0.00151049,7.81734,-0.0249723,0.0160235,91.0079,-0.431942,-0.115109
0.139,0.404332,-0.000988657,0.00152645,7.90844,-0.0254055,0.0159067,91.1996,-0.434382,-0.118541
0.14,0.412286,-0.00101428,0.0015423,7.99973,-0.0258411,0.0157864,91.3848,-0.436729,-0.121891
0.141,0.420332,-0.00104034,0.00155803,8.09121,-0.0262789,0.0156629,91.5637,-0.43898,-0.12516
0.142,0.428469,-0.00106684,0.00157363,8.18286,-0.026719,0.0155361,91.7361,-0.441134,-0.128347
0.143,0.436698,-0.00109378,0.0015891,8.27468,-0.0271612,0.0154062,91.9022,-0.443187,-0.131453
0.144,0.445018,-0.00112116,0.00160444,8.36666,-0.0276053,0.0152733,92.0618,-0.445139,-0.134478
0.145,0.453431,-0.00114899,0.00161964,8.4588,-0.0280514,0.0151373,92.2151,-0.446985,-0.137423
0.146,0.461936,-0.00117726,0.00163471,8.55109,-0.0284993,0.0149984,92.362,-0.448724,-0.140287
0.147,0.470533,-0.00120599,0.00164964,8.64352,-0.0289488,0.0148568,92.5025,-0.450354,-0.143071
0.148,0.479223,-0.00123516,0.00166442,8.73609,-0.0293999,0.0147123,92.6366,-0.451872,-0.145775
0.149,0.488005,-0.00126479,0.00167906,8.82879,-0.0298525,0.0145652,92.7644,-0.453276,-0.1484
0.15,0.496881,-0.00129487,0.00169355,8.92162,-0.0303065,0.0144156,92.8857,-0.454564,-0.150945
0.151,0.505849,-0.0013254,0.00170789,9.01456,-0.0307616,0.0142634,93.0007,-0.455733,-0.153411
0.152,0.51491,-0.00135639,0.00172208,9.10762,-0.0312179,0.0141088,93.1093,-0.456781,-0.155798
0.153,0.524064,-0.00138784,0.00173611,9.20078,-0.0316751,0.0139518,93.2115,-0.457705,-0.158107
0.154,0.533311,-0.00141974,0.00174998,9.29404,-0.0321332,0.0137926,93.3073,-0.458504,-0.160337
0.155,0.542652,-0.00145211,0.00176369,9.38739,-0.0325921,0.0136312,93.3968,-0.459174,-0.162488
0.156,0.552086,-0.00148493,0.00177724,9.48083,-0.0330516,0.0134676,93.4799,-0.459715,-0.164562
0.157,0.561614,-0.00151821,0.00179063,9.57435,-0.0335115,0.0133021,93.5567,-0.460122,-0.166558
0.158,0.571235,-0.00155195,0.00180385,9.66794,-0.0339718,0.0131345,93.627,-0.460395,-0.168477
0.159,0.58095,-0.00158615,0.0018169,9.7616,-0.0344322,0.0129651,93.6911,-0.46053,-0.170318
0.16,0.590758,-0.00162081,0.00182978,9.85532,-0.0348928,0.0127939,93.7487,-0.460525,-0.172082
0.161,0.60066,-0.00165594,0.00184248,9.9491,-0.0353532,0.012621,93.8,-0.460378,-0.17377
0.162,0.610656,-0.00169152,0.00185502,10.0429,-0.0358135,0.0124464,93.845,-0.460087,-0.175381
0.163,0.620746,-0.00172756,0.00186738,10.1368,-0.0362734,0.0122703,93.8835,-0.459649,-0.176916
0.164,0.63093,-0.00176407,0.00187956,10.2307,-0.0367327,0.0120926,93.9158,-0.459062,-0.178375
0.165,0.644616,-0.00181331,0.00189548,10.3556,-0.0373425,0.0118542,93.9488,-0.458048,-0.180197
0.166,0.655018,-0.00185089,0.00190724,10.4495,-0.0378,0.0116734,93.9662,-0.457108,-0.181482
0.167,0.665515,-0.00188891,0.00191883,10.5435,-0.0382566,0.0114913,93.9773,-0.456017,-0.182696
0.168,0.676105,-0.0019274,0.00193023,10.6375,-0.038712,0.011308,93.9821,-0.454775,-0.183841
0.169,0.68679,-0.00196634,0.00194144,10.7315,-0.0391661,0.0111236,93.9805,-0.453384,-0.18492
0.17,0.697568,-0.00200573,0.00195247,10.8254,-0.0396187,0.0109382,93.9726,-0.451842,-0.185934
0.171,0.708441,-0.00204557,0.00196332,10.9194,-0.0400698,0.0107518,93.9583,-0.450151,-0.186886
0.172,0.719407,-0.00208587,0.00197398,11.0134,-0.040519,0.0105644,93.9377,-0.448312,-0.187778
0.173,0.730468,-0.00212661,0.00198445,11.1073,-0.0409663,0.0103762,93.9107,-0.446325,-0.188612
0.174,0.741622,-0.0021678,0.00199473,11.2012,-0.0414116,0.0101872,93.8774,-0.44419,-0.189392
0.175,0.75287,-0.00220943,0.00200482,11.295,-0.0418547,0.00999746,93.8378,-0.441907,-0.190118
0.176,0.764212,-0.00225151,0.00201472,11.3889,-0.0422954,0.009807,93.7918,-0.439478,-0.190794
0.177,0.775648,-0.00229402,0.00202443,11.4826,-0.0427336,0.00961588,93.7395,-0.436903,-0.191421
0.178,0.787177,-0.00233698,0.00203395,11.5763,-0.0431691,0.00942417,93.6809,-0.434182,-0.192003
0.179,0.7988,-0.00238036,0.00204328,11.67,-0.0436019,0.00923189,93.6159,-0.431316,-0.19254
0.18,0.810517,-0.00242418,0.00205242,11.7636,-0.0440317,0.0090391,93.5446,-0.428305,-0.193036
0.181,0.822327,-0.00246842,0.00206136,11.8571,-0.0444584,0.00884584,93.467,-0.42515,-0.193492
0.182,0.834231,-0.00251309,0.00207011,11.9505,-0.044882,0.00865213,93.383,-0.421851,-0.193912
0.183,0.846228,-0.00255819,0.00207866,12.0438,-0.0453021,0.00845802,93.2927,-0.418409,-0.194296
0.184,0.858319,-0.0026037,0.00208702,12.1371,-0.0457187,0.00826355,93.1961,-0.414824,-0.194648
0.185,0.870502,-0.00264962,0.00209519,12.2302,-0.0461317,0.00806874,93.0932,-0.411097,-0.19497
0.186,0.882779,-0.00269596,0.00210316,12.3233,-0.0465409,0.00787362,92.9839,-0.407229,-0.195264
0.187,0.895149,-0.0027427,0.00211094,12.4162,-0.0469461,0.00767822,92.8683,-0.403219,-0.195533
0.188,0.907612,-0.00278985,0.00211852,12.509,-0.0473473,0.00748256,92.7464,-0.399068,-0.195778
0.189,0.920167,-0.0028374,0.0021259,12.6017,-0.0477442,0.00728667,92.6182,-0.394777,-0.196001
0.19,0.932815,-0.00288534,0.00213309,12.6942,-0.0481368,0.00709056,92.4837,-0.390346,-0.196206
0.191,0.945555,-0.00293367,0.00214008,12.7866,-0.0485248,0.00689426,92.3428,-0.385776,-0.196395
0.192,0.958388,-0.00298239,0.00214688,12.8789,-0.0489083,0.00669778,92.1957,-0.381068,-0.196569
0.193,0.971313,-0.00303148,0.00215348,12.971,-0.0492869,0.00650113,92.0422,-0.376221,-0.196731
0.194,0.98433,-0.00308096,0.00215988,13.063,-0.0496607,0.00630432,91.8824,-0.371236,-0.196883
0.195,0.997439,-0.0031308,0.00216609,13.1548,-0.0500294,0.00610736,91.7163,-0.366114,-0.197028
0.196,1.01064,-0.00318101,0.0021721,13.2464,-0.0503929,0.00591026,91.5438,-0.360855,-0.197168
0.197,1.02393,-0.00323159,0.00217791,13.3379,-0.050751,0.00571303,91.3651,-0.35546,-0.197305
0.198,1.03732,-0.00328251,0.00218352,13.4292,-0.0511037,0.00551565,91.1801,-0.349929,-0.197441
0.199,1.05079,-0.00333379,0.00218894,13.5202,-0.0514508,0.00531815,90.9887,-0.344262,-0.197579
0.2,1.06436,-0.00338541,0.00219416,13.6111,-0.0517922,0.0051205,90.7911,-0.338461,-0.19772
0.201,1.07801,-0.00343737,0.00219918,13.7018,-0.0521277,0.0049227,90.5871,-0.332526,-0.197868
0.202,1.09176,-0.00348967,0.002204,13.7923,-0.0524572,0.00472476,90.3769,-0.326457,-0.198024
0.203,1.1056,-0.00354229,0.00220863,13.8826,-0.0527806,0.00452665,90.1603,-0.320254,-0.198191
0.204,1.11952,-0.00359523,0.00221306,13.9726,-0.0530977,0.00432837,89.9374,-0.313919,-0.198371
0.205,1.13315,-0.003647,0.00221717,14.06,-0.0533999,0.0041354,89.7147,-0.307632,-0.19856
0.206,1.14726,-0.00370056,0.00222121,14.1496,-0.0537042,0.00393674,89.4794,-0.301035,-0.198767
0.207,1.16145,-0.00375441,0.00222505,14.2389,-0.0540019,0.00373786,89.2379,-0.294305,-0.198984
0.208,1.17574,-0.00380856,0.00222868,14.328,-0.0542928,0.00353876,88.99,-0.287443,-0.199209
0.209,1.19011,-0.00386299,0.00223212,14.4169,-0.0545767,0.00333944,88.7359,-0.280447,-0.19944
0.21,1.20457,-0.00391771,0.00223536,14.5055,-0.0548536,0.00313988,88.4756,-0.273318,-0.199674
0.211,1.21912,-0.0039727,0.0022384,14.5938,-0.0551233,0.00294009,88.2089,-0.266055,-0.199908
0.212,1.23376,-0.00402795,0.00224124,14.6819,-0.0553857,0.00274007,87.9361,-0.258658,-0.200141
0.213,1.24848,-0.00408347,0.00224388,14.7697,-0.0556406,0.00253981,87.657,-0.251127,-0.200369
0.214,1.2633,-0.00413923,0.00224632,14.8572,-0.0558879,0.00233933,87.3716,-0.243461,-0.200591
0.215,1.2782,-0.00419524,0.00224856,14.9445,-0.0561275,0.00213863,87.0801,-0.235661,-0.200804
0.216,1.29318,-0.00425148,0.0022506,15.0314,-0.0563592,0.00193773,86.7823,-0.227726,-0.201005
0.217,1.30826,-0.00430795,0.00225244,15.118,-0.0565829,0.00173663,86.4783,-0.219656,-0.201193
0.218,1.32342,-0.00436465,0.00225407,15.2043,-0.0567984,0.00153535,86.1681,-0.211451,-0.201364
0.219,1.33867,-0.00442155,0.00225551,15.2904,-0.0570057,0.0013339,85.8518,-0.20311,-0.201517
0.22,1.354,-0.00447865,0.00225674,15.376,-0.0572046,0.00113232,85.5292,-0.194633,-0.201648
0.221,1.36942,-0.00453596,0.00225777,15.4614,-0.057395,0.000930616,85.2005,-0.186021,-0.201756
0.222,1.38492,-0.00459344,0.0022586,15.5464,-0.0575766,0.000728817,84.8656,-0.177272,-0.201838
0.223,1.40051,-0.00465111,0.00225923,15.6311,-0.0577495,0.00052695,84.5245,-0.168386,-0.201891
0.224,1.41619,-0.00470894,0.00225966,15.7155,-0.0579133,0.000325045,84.1773,-0.159364,-0.201914
0.225,1.43194,-0.00476693,0.00225988,15.7995,-0.0580681,0.000123134,83.8239,-0.150205,-0.201903
0.226,1.44779,-0.00482507,0.0022599,15.8831,-0.0582137,-7.87488e-05,83.4644,-0.140909,-0.201857
0.227,1.46371,-0.00488335,0.00225972,15.9664,-0.0583499,-0.000280567,83.0988,-0.131476,-0.201772
0.228,1.47972,-0.00494177,0.00225934,16.0493,-0.0584766,-0.00048228,82.727,-0.121905,-0.201647
0.229,1.49581,-0.0050003,0.00225876,16.1319,-0.0585937,-0.000683847,82.3492,-0.112196,-0.201479
0.23,1.51198,-0.00505895,0.00225797,16.214,-0.058701,-0.000885223,81.9652,-0.102349,-0.201266
0.231,1.52824,-0.0051177,0.00225699,16.2958,-0.0587983,-0.00108636,81.5751,-0.0923644,-0.201005
0.232,1.54457,-0.00517654,0.0022558,16.3772,-0.0588856,-0.00128722,81.179,-0.0822408,-0.200693
0.233,1.56099,-0.00523547,0.00225441,16.4582,-0.0589628,-0.00148773,80.7767,-0.0719785,-0.200329
0.234,1.57749,-0.00529447,0.00225283,16.5387,-0.0590296,-0.00168786,80.3684,-0.0615772,-0.19991
0.235,1.59407,-0.00535353,0.00225104,16.6189,-0.0590859,-0.00188753,79.954,-0.0510367,-0.199434
0.236,1.61073,-0.00541264,0.00224905,16.6986,-0.0591316,-0.0020867,79.5335,-0.0403569,-0.198897
0.237,1.62747,-0.00547179,0.00224686,16.778,-0.0591665,-0.00228531,79.107,-0.0295373,-0.198298
0.238,1.64428,-0.00553096,0.00224448,16.8568,-0.0591906,-0.00248328,78.6744,-0.018578,-0.197635
0.239,1.66118,-0.00559016,0.0022419,16.9353,-0.0592036,-0.00268055,78.2358,-0.00747849,-0.196904
0.24,1.67815,-0.00564937,0.00223912,17.0133,-0.0592055,-0.00287706,77.7912,0.00376131,-0.196104
0.241,1.69521,-0.00570857,0.00223614,17.0909,-0.0591961,-0.00307274,77.3406,0.0151417,-0.195231
0.242,1.71233,-0.00576776,0.00223297,17.168,-0.0591752,-0.0032675,76.8839,0.0266628,-0.194284
0.243,1.72954,-0.00582692,0.00222961,17.2446,-0.0591427,-0.00346128,76.4212,0.0383249,-0.19326
0.244,1.74682,-0.00588604,0.00222605,17.3208,-0.0590985,-0.003654,75.9525,0.0501283,-0.192157
0.245,1.75807,-0.00592436,0.00222364,17.37,-0.0590635,-0.00377838,75.6454,0.0578583,-0.191399
0.246,1.77548,-0.00598339,0.00221977,17.4454,-0.0589996,-0.00396916,75.1669,0.0698896,-0.190163
0.247,1.79296,-0.00604235,0.0022157,17.5203,-0.0589237,-0.00415868,74.6825,0.0820534,-0.188848
0.248,1.81052,-0.00610123,0.00221145,17.5948,-0.0588355,-0.00434683,74.1923,0.0943455,-0.187454
0.249,1.82815,-0.00616002,0.00220701,17.6687,-0.0587349,-0.00453356,73.6963,0.106761,-0.185981
0.25,1.84586,-0.0062187,0.00220238,17.7422,-0.0586219,-0.00471877,73.1946,0.119296,-0.18443
0.251,1.86364,-0.00627726,0.00219757,17.8151,-0.0584963,-0.00490239,72.6873,0.131946,-0.182802
0.252,1.88149,-0.00633569,0.00219258,17.8875,-0.058358,-0.00508435,72.1743,0.144707,-0.181097
0.253,1.89941,-0.00639397,0.00218741,17.9594,-0.0582068,-0.00526456,71.6559,0.157574,-0.179317
0.254,1.91741,-0.00645209,0.00218205,18.0308,-0.0580428,-0.00544296,71.1319,0.170542,-0.17746
0.255,1.93547,-0.00651005,0.00217652,18.1017,-0.0578657,-0.00561946,70.6024,0.183608,-0.175529
0.256,1.95361,-0.00656782,0.00217081,18.172,-0.0576755,-0.00579399,70.0676,0.196767,-0.173524
0.257,1.97182,-0.0066254,0.00216493,18.2418,-0.0574722,-0.00596648,69.5275,0.210014,-0.171445
0.258,1.99009,-0.00668276,0.00215888,18.3111,-0.0572555,-0.00613686,68.9821,0.223345,-0.169293
0.259,2.00844,-0.0067399,0.00215266,18.3798,-0.0570254,-0.00630504,68.4315,0.236756,-0.167068
0.26,2.02685,-0.00679681,0.00214627,18.448,-0.056782,-0.00647097,67.8758,0.250243,-0.164772
0.261,2.04534,-0.00685346,0.00213972,18.5156,-0.0565249,-0.00663456,67.3149,0.2638,-0.162404
0.262,2.06388,-0.00690985,0.002133,18.5826,-0.0562543,-0.00679575,66.749,0.277424,-0.159966
0.263,2.0825,-0.00696597,0.00212613,18.649,-0.0559701,-0.00695447,66.1781,0.291109,-0.157457
0.264,2.10118,-0.00702179,0.0021191,18.7149,-0.0556721,-0.00711064,65.6023,0.304853,-0.154879
0.265,2.11993,-0.00707731,0.00211191,18.7803,-0.0553603,-0.00726421,65.0216,0.31865,-0.152232
0.266,2.13874,-0.00713251,0.00210457,18.845,-0.0550348,-0.00741509,64.4361,0.332495,-0.149517
0.267,2.15762,-0.00718737,0.00209708,18.9091,-0.0546953,-0.00756322,63.8458,0.346385,-0.146735
0.268,2.17656,-0.00724189,0.00208944,18.9727,-0.054342,-0.00770853,63.2508,0.360315,-0.143885
0.269,2.19556,-0.00729605,0.00208166,19.0356,-0.0539747,-0.00785097,62.6512,0.374281,-0.140968
0.27,2.21463,-0.00734984,0.00207374,19.098,-0.0535934,-0.00799045,62.047,0.388278,-0.137986
0.271,2.23376,-0.00740323,0.00206568,19.1597,-0.0531981,-0.00812692,61.4382,0.402302,-0.134939
0.272,2.25295,-0.00745623,0.00205749,19.2208,-0.0527888,-0.0082603,60.8249,0.416348,-0.131827
0.273,2.2722,-0.00750881,0.00204916,19.2814,-0.0523654,-0.00839055,60.2073,0.430412,-0.128651
0.274,2.29151,-0.00756095,0.00204071,19.3413,-0.051928,-0.00851758,59.5852,0.44449,-0.125411
0.275,2.31088,-0.00761266,0.00203213,19.4005,-0.0514764,-0.00864135,58.9588,0.458577,-0.122109
0.276,2.33031,-0.0076639,0.00202343,19.4592,-0.0510108,-0.00876178,58.3282,0.472668,-0.118744
0.277,2.3498,-0.00771467,0.00201461,19.5172,-0.0505311,-0.00887882,57.6934,0.486761,-0.115317
0.278,2.36935,-0.00776496,0.00200567,19.5746,-0.0500373,-0.0089924,57.0544,0.500849,-0.11183
0.279,2.38895,-0.00781474,0.00199662,19.6313,-0.0495294,-0.00910246,56.4114,0.514928,-0.108282
0.28,2.40861,-0.00786401,0.00198747,19.6874,-0.0490075,-0.00920894,55.7643,0.528995,-0.104674
0.281,2.42833,-0.00791275,0.00197821,19.7428,-0.0484714,-0.00931178,55.1132,0.543045,-0.101007
0.282,2.45195,-0.00797027,0.00196701,19.8082,-0.0478127,-0.0094298,54.3302,0.5598,-0.0965496
0.283,2.47179,-0.0080178,0.00195753,19.8622,-0.0472459,-0.00952445,53.6706,0.573798,-0.0927556
0.284,2.49167,-0.00806475,0.00194796,19.9155,-0.0466651,-0.00961529,53.0072,0.587765,-0.088906
0.285,2.51162,-0.00811112,0.0019383,19.9682,-0.0460704,-0.00970225,52.3401,0.601699,-0.0850023
0.286,2.53161,-0.00815689,0.00192856,20.0202,-0.0454617,-0.00978528,51.6692,0.615595,-0.0810459
0.287,2.55166,-0.00820204,0.00191874,20.0715,-0.0448392,-0.00986432,50.9948,0.629451,-0.0770383
0.288,2.57175,-0.00824656,0.00190883,20.1222,-0.0442028,-0.00993934,50.3167,0.643262,-0.0729811
0.289,2.5919,-0.00829044,0.00189886,20.1722,-0.0435527,-0.0100103,49.6352,0.657025,-0.0688756
0.29,2.6121,-0.00833367,0.00188881,20.2215,-0.0428888,-0.0100771,48.9502,0.670736,-0.0647233
0.291,2.63234,-0.00837622,0.00187871,20.2701,-0.0422112,-0.0101397,48.2618,0.684391,-0.0605257
0.292,2.65264,-0.00841808,0.00186854,20.318,-0.04152,-0.0101981,47.5701,0.697987,-0.0562843
0.293,2.67298,-0.00845925,0.00185831,20.3652,-0.0408153,-0.0102523,46.875,0.71152,-0.0520006
0.294,2.69337,-0.00849971,0.00184803,20.4117,-0.040097,-0.0103021,46.1768,0.724986,-0.047676
0.295,2.7138,-0.00853944,0.00183771,20.4576,-0.0393653,-0.0103476,45.4754,0.738382,-0.043312
0.296,2.73428,-0.00857844,0.00182734,20.5027,-0.0386203,-0.0103887,44.7709,0.751704,-0.0389101
0.297,2.75481,-0.00861668,0.00181693,20.5471,-0.0378619,-0.0104254,44.0633,0.764948,-0.0344717
0.298,2.77538,-0.00865416,0.00180649,20.5908,-0.0370904,-0.0104576,43.3527,0.778111,-0.0299984
0.299,2.79599,-0.00869085,0.00179602,20.6338,-0.0363058,-0.0104854,42.6392,0.791188,-0.0254915
0.3,2.81664,-0.00872676,0.00178552,20.6761,-0.0355081,-0.0105086,41.9228,0.804177,-0.0209526
0.301,2.83734,-0.00876187,0.001775,20.7177,-0.0346974,-0.0105273,41.2035,0.817074,-0.0163831
0.302,2.85808,-0.00879615,0.00176447,20.7585,-0.0338739,-0.0105414,40.4815,0.829874,-0.0117845
0.303,2.87886,-0.00882961,0.00175392,20.7986,-0.0330377,-0.0105508,39.7568,0.842574,-0.00715834
0.304,2.89968,-0.00886222,0.00174337,20.838,-0.0321888,-0.0105557,39.0294,0.855171,-0.00250601
0.305,2.92053,-0.00889398,0.00173281,20.8767,-0.0313274,-0.0105558,38.2995,0.867661,0.00217099
0.306,2.94143,-0.00892487,0.00172226,20.9146,-0.0304535,-0.0105513,37.567,0.88004,0.0068712
0.307,2.96236,-0.00895489,0.00171171,20.9518,-0.0295674,-0.0105421,36.832,0.892304,0.0115931
0.308,2.98333,-0.00898401,0.00170117,20.9883,-0.028669,-0.0105281,36.0946,0.90445,0.0163353
0.309,3.00434,-0.00901222,0.00169066,21.024,-0.0277585,-0.0105094,35.3548,0.916474,0.0210963
0.31,3.02538,-0.00903952,0.00168016,21.059,-0.0268361,-0.0104859,34.6127,0.928373,0.0258746
0.311,3.04646,-0.00906589,0.00166969,21.0932,-0.0259018,-0.0104577,33.8683,0.940142,0.0306687
0.312,3.06757,-0.00909132,0.00165924,21.1267,-0.0249558,-0.0104246,33.1218,0.951778,0.0354772
0.313,3.08871,-0.0091158,0.00164884,21.1595,-0.0239983,-0.0103867,32.3731,0.963278,0.0402986
0.314,3.10989,-0.00913931,0.00163847,21.1915,-0.0230293,-0.010344,31.6223,0.974637,0.0451314
0.315,3.13109,-0.00916185,0.00162815,21.2227,-0.0220491,-0.0102964,30.8695,0.985852,0.0499741
0.316,3.15233,-0.00918341,0.00161788,21.2532,-0.0210577,-0.010244,30.1147,0.99692,0.0548253
0.317,3.1736,-0.00920396,0.00160766,21.2829,-0.0200553,-0.0101868,29.3581,1.00784,0.0596836
0.318,3.1949,-0.00922351,0.00159751,21.3119,-0.019042,-0.0101247,28.5995,1.0186,0.0645473
0.319,3.21878,-0.00924419,0.00158621,21.3435,-0.0178949,-0.0100493,27.7481,1.03046,0.0699976
0.32,3.24013,-0.00926157,0.0015762,21.3708,-0.0168592,-0.00997691,26.9858,1.04087,0.0748654
0.321,3.26152,-0.00927791,0.00156626,21.3974,-0.0158132,-0.00989962,26.2218,1.05111,0.0797295
0.322,3.28293,-0.00929319,0.0015564,21.4233,-0.014757,-0.00981746,25.4563,1.06115,0.0845859
0.323,3.30436,-0.00930742,0.00154663,21.4483,-0.0136909,-0.00973045,24.6891,1.07101,0.0894309
0.324,3.32582,-0.00932057,0.00153694,21.4727,-0.0126151,-0.0096386,23.9205,1.08065,0.0942606
0.325,3.34731,-0.00933265,0.00152735,21.4962,-0.0115297,-0.00954193,23.1505,1.09008,0.0990712
0.326,3.36882,-0.00934363,0.00151786,21.519,-0.010435,-0.00944047,22.379,1.09929,0.103859
0.327,3.39035,-0.00935351,0.00150847,21.5409,-0.00933122,-0.00933423,21.6063,1.10826,0.10862
0.328,3.4119,-0.00936229,0.00149919,21.5622,-0.00821858,-0.00922324,20.8323,1.11698,0.11335
0.329,3.43347,-0.00936995,0.00149003,21.5826,-0.00709734,-0.00910754,20.0571,1.12546,0.118046
0.33,3.45506,-0.00937648,0.00148098,21.6023,-0.00596775,-0.00898716,19.2808,1.13367,0.122703
0.331,3.47668,-0.00938188,0.00147206,21.6212,-0.00483009,-0.00886215,18.5033,1.14161,0.127318
0.332,3.49831,-0.00938614,0.00146326,21.6393,-0.00368463,-0.00873254,17.7249,1.14926,0.131888
0.333,3.51995,-0.00938925,0.00145459,21.6566,-0.00253166,-0.00859839,16.9455,1.15663,0.136407
0.334,3.54162,-0.0093912,0.00144606,21.6732,-0.00137147,-0.00845974,16.1652,1.1637,0.140873
0.335,3.5633,-0.00939199,0.00143767,21.689,-0.000204369,-0.00831666,15.384,1.17045,0.145281
0.336,3.585,-0.0093916,0.00142943,21.7039,0.000969332,-0.0081692,14.6021,1.17689,0.149629
0.337,3.60671,-0.00939005,0.00142134,21.7182,0.00214931,-0.00801742,13.8194,1.183,0.153911
0.338,3.62843,-0.0093873,0.0014134,21.7316,0.00333522,-0.0078614,13.0361,1.18877,0.158124
0.339,3.65017,-0.00938337,0.00140562,21.7442,0.00452674,-0.0077012,12.2521,1.1942,0.162264
0.34,3.67192,-0.00937825,0.001398,21.7561,0.0057235,-0.0075369,11.4677,1.19927,0.166327
0.341,3.69368,-0.00937193,0.00139054,21.7672,0.00692515,-0.00736857,10.6827,1.20397,0.17031
0.342,3.71545,-0.0093644,0.00138326,21.7775,0.00813132,-0.00719631,9.89728,1.2083,0.174209
0.343,3.73724,-0.00935566,0.00137615,21.787,0.00934162,-0.00702018,9.11151,1.21224,0.17802
0.344,3.75903,-0.00934571,0.00136922,21.7957,0.0105557,-0.0068403,8.32542,1.21579,0.181739
0.345,3.78083,-0.00933455,0.00136247,21.8036,0.0117731,-0.00665674,7.53908,1.21893,0.185361
0.346,3.80264,-0.00932217,0.00135591,21.8108,0.0129934,-0.00646961,6.75255,1.22166,0.188885
0.347,3.82445,-0.00930856,0.00134953,21.8171,0.0142162,-0.006279,5.96589,1.22397,0.192304
0.348,3.84627,-0.00929373,0.00134335,21.8227,0.0154412,-0.00608503,5.17915,1.22585,0.195617
0.349,3.86809,-0.00927768,0.00133737,21.8275,0.0166678,-0.00588781,4.39239,1.22728,0.198818
0.35,3.88992,-0.0092604,0.00133158,21.8315,0.0178956,-0.00568744,3.60568,1.22827,0.201904
0.351,3.91176,-0.00924189,0.00132599,21.8347,0.0191242,-0.00548404,2.81908,1.2288,0.204872
0.352,3.93359,-0.00922215,0.00132061,21.8371,0.020353,-0.00527773,2.03263,1.22885,0.207717
0.353,3.95543,-0.00920118,0.00131544,21.8387,0.0215817,-0.00506865,1.24641,1.22843,0.210435
0.354,3.97727,-0.00917898,0.00131047,21.8396,0.0228097,-0.00485691,0.460466,1.22752,0.213023
0.355,3.99911,-0.00915556,0.00130572,21.8397,0.0240366,-0.00464265,-0.325137,1.22611,0.215477
0.356,4.02315,-0.00912836,0.00130075,21.8388,0.025385,-0.00440406,-1.18937,1.22398,0.218019
0.357,4.04499,-0.00910237,0.00129645,21.8373,0.0266078,-0.00418495,-1.97408,1.22151,0.220183
0.358,4.06682,-0.00907515,0.00129238,21.8349,0.0278279,-0.00396374,-2.75832,1.21855,0.222209
0.359,4.08866,-0.00904671,0.00128852,21.8317,0.0290448,-0.00374058,-3.54202,1.21511,0.224097
0.36,4.11049,-0.00901706,0.0012849,21.8278,0.0302579,-0.0035156,-4.32516,1.21119,0.225847
0.361,4.13231,-0.0089862,0.00128149,21.8231,0.031467,-0.00328893,-5.10769,1.20679,0.227459
0.362,4.15413,-0.00895413,0.00127832,21.8176,0.0326714,-0.00306072,-5.88958,1.20193,0.228933
0.363,4.17595,-0.00892086,0.00127537,21.8113,0.0338707,-0.00283111,-6.67078,1.19661,0.23027
0.364,4.19775,-0.00888639,0.00127266,21.8042,0.0350644,-0.00260023,-7.45125,1.19084,0.231469
0.365,4.21955,-0.00885073,0.00127017,21.7964,0.0362522,-0.00236822,-8.23095,1.18462,0.232531
0.366,4.24135,-0.00881389,0.00126792,21.7878,0.0374335,-0.00213521,-9.00984,1.17797,0.233456
0.367,4.26313,-0.00877586,0.0012659,21.7784,0.038608,-0.00190135,-9.78788,1.17089,0.234243
0.368,4.2849,-0.00873667,0.00126412,21.7682,0.0397752,-0.00166677,-10.565,1.16339,0.234893
0.369,4.30667,-0.00869632,0.00126257,21.7573,0.0409346,-0.00143161,-11.3413,1.15547,0.235407
0.37,4.32842,-0.00865481,0.00126125,21.7455,0.042086,-0.001196,-12.1165,1.14714,0.235783
0.371,4.35016,-0.00861215,0.00126018,21.733,0.0432288,-0.00096009,-12.8907,1.13842,0.236022
0.372,4.37188,-0.00856835,0.00125933,21.7197,0.0443627,-0.000724005,-13.6639,1.1293,0.236125
0.373,4.3936,-0.00852343,0.00125873,21.7057,0.0454873,-0.000487885,-14.436,1.11979,0.236092
0.374,4.41529,-0.00847738,0.00125836,21.6909,0.0466021,-0.000251867,-15.207,1.1099,0.235922
0.375,4.43698,-0.00843022,0.00125822,21.6753,0.0477069,-1.60869e-05,-15.9768,1.09964,0.235615
0.376,4.45864,-0.00838197,0.00125833,21.6589,0.0488013,0.000219318,-16.7454,1.08902,0.235172
0.377,4.48029,-0.00833263,0.00125866,21.6418,0.0498848,0.000454212,-17.5127,1.07803,0.234593
0.378,4.50193,-0.0082822,0.00125923,21.6239,0.0509572,0.00068846,-18.2787,1.0667,0.233879
0.379,4.52354,-0.00823071,0.00126004,21.6052,0.0520181,0.000921924,-19.0434,1.05502,0.233028
0.38,4.54514,-0.00817817,0.00126108,21.5858,0.0530672,0.00115447,-19.8068,1.04301,0.232041
0.381,4.56671,-0.00812458,0.00126235,21.5656,0.054104,0.00138596,-20.5687,1.03066,0.230919
0.382,4.58827,-0.00806997,0.00126385,21.5447,0.0551284,0.00161626,-21.3291,1.01799,0.229661
0.383,4.6098,-0.00801433,0.00126558,21.523,0.0561399,0.00184524,-22.0881,1.00501,0.228267
0.384,4.63131,-0.00795769,0.00126754,21.5005,0.0571383,0.00207275,-22.8455,0.99172,0.226738
0.385,4.6528,-0.00790006,0.00126973,21.4773,0.0581233,0.00229867,-23.6013,0.978128,0.225074
0.386,4.67427,-0.00784145,0.00127214,21.4533,0.0590945,0.00252285,-24.3556,0.964242,0.223275
0.387,4.69571,-0.00778188,0.00127477,21.4286,0.0600516,0.00274517,-25.1081,0.950069,0.22134
0.388,4.71713,-0.00772135,0.00127763,21.4031,0.0609945,0.00296549,-25.859,0.935616,0.219271
0.389,4.73852,-0.00765989,0.0012807,21.3768,0.0619228,0.00318367,-26.6081,0.920891,0.217066
0.39,4.75988,-0.00759751,0.00128399,21.3499,0.0628362,0.00339958,-27.3555,0.9059,0.214727
0.391,4.78122,-0.00753422,0.0012875,21.3221,0.0637345,0.00361308,-28.101,0.89065,0.212254
0.392,4.80252,-0.00747005,0.00129122,21.2937,0.0646174,0.00382404,-28.8447,0.87515,0.209645
0.393,4.8238,-0.00740499,0.00129515,21.2644,0.0654847,0.00403232,-29.5865,0.859405,0.206903
0.394,4.82624,-0.00739747,0.00129561,21.261,0.0655832,0.00405605,-29.6715,0.857583,0.206579
0.395,4.84749,-0.00733147,0.00129977,21.231,0.0664328,0.00426119,-30.4111,0.841577,0.203687
0.396,4.8687,-0.00726461,0.00130413,21.2002,0.0672663,0.00446338,-31.1487,0.825345,0.200662
0.397,4.88989,-0.00719694,0.0013087,21.1687,0.0680834,0.00466247,-31.8842,0.808897,0.197504
0.398,4.91104,-0.00712845,0.00131346,21.1365,0.068884,0.00485834,-32.6176,0.792241,0.194214
0.399,4.93216,-0.00705918,0.00131841,21.1035,0.0696679,0.00505086,-33.3489,0.775387,0.190792
0.4,4.95325,-0.00698912,0.00132356,21.0698,0.0704347,0.00523988,-34.0779,0.758343,0.187239
0.401,4.9743,-0.00691831,0.00132889,21.0353,0.0711845,0.00542529,-34.8047,0.741119,0.183556
0.402,4.99532,-0.00684676,0.00133441,21.0002,0.0719169,0.00560695,-35.5292,0.723723,0.179743
0.403,5.0163,-0.00677448,0.0013401,20.9643,0.0726319,0.00578473,-36.2513,0.706164,0.1758
0.404,5.03725,-0.0067015,0.00134597,20.9276,0.0733292,0.00595851,-36.9709,0.688452,0.171729
0.405,5.05816,-0.00662783,0.00135202,20.8903,0.0740087,0.00612815,-37.6881,0.670595,0.167529
0.406,5.07903,-0.00655349,0.00135823,20.8523,0.0746703,0.00629352,-38.4028,0.652602,0.163202
0.407,5.09986,-0.0064785,0.0013646,20.8135,0.0753139,0.00645451,-39.1148,0.634483,0.158747
0.408,5.12065,-0.00640287,0.00137114,20.774,0.0759393,0.00661098,-39.8243,0.616245,0.154166
0.409,5.14141,-0.00632662,0.00137782,20.7339,0.0765463,0.0067628,-40.5311,0.597899,0.149459
0.41,5.16212,-0.00624978,0.00138466,20.693,0.077135,0.00690985,-41.2351,0.579453,0.144626
0.411,5.18279,-0.00617236,0.00139164,20.6514,0.0777052,0.00705201,-41.9364,0.560916,0.139669
0.412,5.20342,-0.00609438,0.00139876,20.6091,0.0782568,0.00718915,-42.6348,0.542297,0.134587
0.413,5.22401,-0.00601585,0.00140602,20.5661,0.0787898,0.00732114,-43.3303,0.523605,0.129382
0.414,5.24456,-0.0059368,0.0014134,20.5225,0.079304,0.00744787,-44.0229,0.504849,0.124053
0.415,5.26506,-0.00585725,0.00142091,20.4781,0.0797995,0.00756921,-44.7125,0.486037,0.118601
0.416,5.28551,-0.00577721,0.00142854,20.433,0.0802761,0.00768503,-45.399,0.46718,0.113028
0.417,5.30592,-0.00569671,0.00143628,20.3873,0.0807338,0.00779522,-46.0825,0.448286,0.107333
0.418,5.32629,-0.00561575,0.00144413,20.3409,0.0811726,0.00789966,-46.7628,0.429363,0.101517
0.419,5.3466,-0.00553437,0.00145208,20.2938,0.0815925,0.00799822,-47.4399,0.410421,0.095581
0.42,5.36687,-0.00545257,0.00146012,20.246,0.0819935,0.00809078,-48.1137,0.391469,0.0895249
0.421,5.38709,-0.00537039,0.00146826,20.1975,0.0823755,0.00817723,-48.7843,0.372515,0.0833495
0.422,5.40727,-0.00528783,0.00147648,20.1484,0.0827385,0.00825744,-49.4514,0.35357,0.0770555
0.423,5.42739,-0.00520491,0.00148477,20.0986,0.0830826,0.0083313,-50.1152,0.33464,0.0706433
0.424,5.44747,-0.00512167,0.00149314,20.0482,0.0834078,0.00839869,-50.7756,0.315737,0.0641135
0.425,5.46749,-0.00503811,0.00150157,19.9971,0.0837141,0.00845949,-51.4324,0.296868,0.0574667
0.426,5.48746,-0.00495425,0.00151005,19.9453,0.0840016,0.00851358,-52.0856,0.278042,0.0507034
0.427,5.50738,-0.00487011,0.00151859,19.8929,0.0842702,0.00856086,-52.7352,0.259269,0.0438243
0.428,5.52724,-0.00478571,0.00152717,19.8399,0.0845201,0.00860119,-53.3812,0.240557,0.0368298
0.429,5.54706,-0.00470107,0.00153579,19.7862,0.0847513,0.00863448,-54.0235,0.221916,0.0297205
0.43,5.56682,-0.00461622,0.00154444,19.7318,0.084964,0.0086606,-54.6619,0.203354,0.022497
0.431,5.58887,-0.004521,0.00155414,19.6702,0.08518,0.00868119,-55.372,0.182682,0.0142788
0.432,5.60851,-0.00443573,0.00156283,19.6145,0.0853535,0.00869175,-56.0024,0.164304,0.00682556
0.433,5.6281,-0.00435029,0.00157153,19.5582,0.0855086,0.00869481,-56.6288,0.146012,-0.0007222
0.434,5.64763,-0.00426472,0.00158022,19.5013,0.0856455,0.00869028,-57.2512,0.127802,-0.00835499
0.435,5.6671,-0.00417901,0.0015889,19.4437,0.0857643,0.00867807,-57.8697,0.109671,-0.0160633
0.436,5.68651,-0.00409319,0.00159757,19.3856,0.0858649,0.00865813,-58.4842,0.0916187,-0.0238376
0.437,5.70587,-0.00400729,0.00160622,19.3268,0.0859475,0.00863038,-59.0946,0.0736413,-0.0316684
0.438,5.72517,-0.0039213,0.00161483,19.2674,0.0860122,0.00859478,-59.7009,0.0557368,-0.0395462
0.439,5.7444,-0.00383527,0.0016234,19.2074,0.086059,0.00855127,-60.303,0.037903,-0.0474614
0.44,5.76358,-0.00374919,0.00163193,19.1468,0.086088,0.00849984,-60.901,0.0201373,-0.0554045
0.441,5.7827,-0.0036631,0.0016404,19.0856,0.0860993,0.00844046,-61.4947,0.00243751,-0.0633661
0.442,5.80175,-0.003577,0.00164881,19.0238,0.0860929,0.00837311,-62.0842,-0.0151988,-0.0713365
0.443,5.82074,-0.00349092,0.00165714,18.9614,0.0860689,0.00829779,-62.6693,-0.0327739,-0.0793064
0.444,5.83967,-0.00340487,0.0016654,18.8984,0.0860274,0.0082145,-63.2501,-0.0502902,-0.0872661
0.445,5.85854,-0.00331887,0.00167357,18.8349,0.0859684,0.00812326,-63.8266,-0.0677501,-0.0952061
0.446,5.87734,-0.00323294,0.00168164,18.7708,0.0858919,0.0080241,-64.3986,-0.0851559,-0.103117
0.447,5.89608,-0.00314709,0.00168962,18.7061,0.0857981,0.00791704,-64.9661,-0.10251,-0.110989
0.448,5.91476,-0.00306135,0.00169748,18.6409,0.0856869,0.00780213,-65.5292,-0.119815,-0.118813
0.449,5.93336,-0.00297572,0.00170522,18.575,0.0855585,0.00767943,-66.0877,-0.137072,-0.12658
0.45,5.95191,-0.00289023,0.00171283,18.5087,0.0854128,0.007549,-66.6416,-0.154285,-0.134279
0.451,5.97038,-0.0028049,0.00172031,18.4418,0.0852499,0.0074109,-67.1909,-0.171456,-0.141901
0.452,5.98879,-0.00271974,0.00172765,18.3743,0.0850699,0.00726522,-67.7355,-0.188586,-0.149437
0.453,6.00713,-0.00263477,0.00173484,18.3063,0.0848728,0.00711206,-68.2755,-0.205679,-0.156877
0.454,6.0254,-0.00255,0.00174187,18.2377,0.0846585,0.0069515,-68.8107,-0.222737,-0.164212
0.455,6.04361,-0.00246546,0.00174874,18.1687,0.0844273,0.00678367,-69.3411,-0.239762,-0.171432
0.456,6.06174,-0.00238115,0.00175544,18.0991,0.084179,0.00660868,-69.8667,-0.256756,-0.178528
0.457,6.0798,-0.0022971,0.00176196,18.0289,0.0839138,0.00642666,-70.3874,-0.273722,-0.18549
0.458,6.0978,-0.00221333,0.00176829,17.9583,0.0836316,0.00623775,-70.9033,-0.290662,-0.192309
0.459,6.11572,-0.00212985,0.00177443,17.8871,0.0833325,0.00604209,-71.4142,-0.307579,-0.198975
0.46,6.13357,-0.00204667,0.00178037,17.8155,0.0830164,0.00583985,-71.9201,-0.324474,-0.205478
0.461,6.15135,-0.00196382,0.00178611,17.7433,0.0826835,0.0056312,-72.421,-0.341351,-0.211809
0.462,6.16906,-0.00188131,0.00179163,17.6706,0.0823338,0.0054163,-72.9168,-0.358211,-0.217959
0.463,6.18669,-0.00179916,0.00179694,17.5975,0.0819671,0.00519534,-73.4076,-0.375058,-0.223918
0.464,6.20425,-0.00171738,0.00180202,17.5238,0.0815836,0.00496853,-73.8932,-0.391892,-0.229677
0.465,6.22174,-0.001636,0.00180687,17.4497,0.0811833,0.00473606,-74.3736,-0.408717,-0.235226
0.466,6.23915,-0.00155502,0.00181149,17.3751,0.0807662,0.00449815,-74.8488,-0.425535,-0.240555
0.467,6.25649,-0.00147447,0.00181587,17.3,0.0803323,0.00425502,-75.3188,-0.442348,-0.245655
0.468,6.27718,-0.00137846,0.00182079,17.2093,0.0797897,0.00395693,-75.8753,-0.462505,-0.251457
0.469,6.29435,-0.00129891,0.00182462,17.1332,0.0793188,0.00370317,-76.3336,-0.479298,-0.256035
0.47,6.31145,-0.00121983,0.0018282,17.0567,0.0788312,0.00344494,-76.7866,-0.496065,-0.260378
0.471,6.32846,-0.00114125,0.00183151,16.9797,0.0783267,0.00318249,-77.2342,-0.512791,-0.264491
0.472,6.34541,-0.00106318,0.00183456,16.9022,0.0778056,0.00291604,-77.6764,-0.529464,-0.268375
0.473,6.36227,-0.000985643,0.00183734,16.8243,0.0772678,0.00264581,-78.1132,-0.546071,-0.272033
0.474,6.37905,-0.000908651,0.00183985,16.746,0.0767135,0.00237204,-78.5446,-0.5626,-0.27547
0.475,6.39576,-0.000832222,0.00184208,16.6672,0.0761426,0.00209495,-78.9706,-0.579038,-0.278688
0.476,6.41239,-0.000756371,0.00184404,16.588,0.0755554,0.00181474,-79.3912,-0.595372,-0.281689
0.477,6.42894,-0.000681116,0.00184571,16.5084,0.0749519,0.00153164,-79.8063,-0.611589,-0.284478
0.478,6.4454,-0.000606473,0.0018471,16.4284,0.0743323,0.00124585,-80.2159,-0.627676,-0.287057
0.479,6.46179,-0.000532457,0.0018482,16.348,0.0736966,0.000957592,-80.62,-0.643621,-0.289429
0.48,6.4781,-0.000459085,0.00184902,16.2672,0.0730451,0.000667062,-81.0186,-0.659412,-0.291598
0.481,6.49433,-0.000386372,0.00184954,16.186,0.0723779,0.000374464,-81.4117,-0.675034,-0.293566
0.482,6.51047,-0.000314334,0.00184977,16.1044,0.0716951,7.99965e-05,-81.7992,-0.690475,-0.295336
0.483,6.52654,-0.000242987,0.0018497,16.0224,0.070997,-0.000216143,-82.1812,-0.705723,-0.296911
0.484,6.54252,-0.000172346,0.00184933,15.94,0.0702837,-0.000513762,-82.5576,-0.720765,-0.298295
0.485,6.55842,-0.000102425,0.00184867,15.8573,0.0695555,-0.000812671,-82.9284,-0.735588,-0.299491
0.486,6.57423,-3.32394e-05,0.00184771,15.7741,0.0688126,-0.00111268,-83.2936,-0.75018,-0.300501
0.487,6.58996,3.51958e-05,0.00184644,15.6907,0.0680552,-0.00141361,-83.6531,-0.764527,-0.301329
0.488,6.60561,0.000102866,0.00184488,15.6068,0.0672836,-0.00171528,-84.007,-0.778616,-0.301978
0.489,6.62118,0.000169758,0.00184301,15.5227,0.0664981,-0.00201751,-84.3553,-0.792436,-0.30245
0.49,6.63666,0.000235858,0.00184084,15.4381,0.0656989,-0.00232013,-84.6978,-0.805973,-0.30275
0.491,6.65205,0.000301152,0.00183837,15.3533,0.0648863,-0.00262295,-85.0347,-0.819214,-0.302879
0.492,6.66736,0.000365626,0.0018356,15.2681,0.0640605,-0.00292583,-85.3658,-0.832147,-0.302841
0.493,6.68259,0.000429269,0.00183252,15.1825,0.0632221,-0.00322858,-85.6912,-0.844759,-0.302639
0.494,6.69773,0.000492066,0.00182914,15.0967,0.0623711,-0.00353105,-86.0108,-0.857037,-0.302276
0.495,6.71278,0.000554007,0.00182546,15.0105,0.0615081,-0.00383308,-86.3247,-0.868969,-0.301756
0.496,6.72775,0.000615078,0.00182148,14.924,0.0606333,-0.00413451,-86.6328,-0.880541,-0.30108
0.497,6.74263,0.00067527,0.00181719,14.8373,0.0597471,-0.00443519,-86.935,-0.891741,-0.300253
0.498,6.75742,0.000734569,0.00181261,14.7502,0.05885,-0.00473497,-87.2315,-0.902556,-0.299277
0.499,6.77213,0.000792966,0.00180772,14.6628,0.0579422,-0.0050337,-87.5221,-0.912973,-0.298156
0.5,6.78675,0.00085045,0.00180254,14.5751,0.0570242,-0.00533123,-87.8069,-0.92298,-0.296892
0.501,6.80128,0.000907011,0.00179706,14.4872,0.0560964,-0.00562743,-88.0857,-0.932563,-0.295488
0.502,6.81572,0.00096264,0.00179128,14.399,0.0551592,-0.00592216,-88.3587,-0.941711,-0.293948
0.503,6.83008,0.00101733,0.00178521,14.3105,0.0542131,-0.00621529,-88.6258,-0.95041,-0.292274
0.504,6.84435,0.00107106,0.00177885,14.2217,0.0532585,-0.00650667,-88.8869,-0.958647,-0.290471
0.505,6.85852,0.00112384,0.0017722,14.1327,0.0522959,-0.00679618,-89.1422,-0.96641,-0.288539
0.506,6.87261,0.00117565,0.00176526,14.0434,0.0513259,-0.00708371,-89.3914,-0.973686,-0.286484
0.507,6.88661,0.00122649,0.00175804,13.9539,0.0503487,-0.00736911,-89.6347,-0.980462,-0.284307
0.508,6.89563,0.0012589,0.0017532,13.8958,0.0497122,-0.00755284,-89.7891,-0.984583,-0.282834
0.509,6.90948,0.00130812,0.00174551,13.8059,0.0487246,-0.00783449,-90.0225,-0.990533,-0.280462
0.51,6.92324,0.00135635,0.00173753,13.7157,0.0477313,-0.00811372,-90.2498,-0.995993,-0.277972
0.511,6.93691,0.00140358,0.00172928,13.6254,0.0467327,-0.0083904,-90.4711,-1.00097,-0.275367
0.512,6.95049,0.00144982,0.00172075,13.5348,0.0457295,-0.00866442,-90.6864,-1.00548,-0.272646
0.513,6.96398,0.00149504,0.00171195,13.444,0.0447219,-0.00893565,-90.8956,-1.00952,-0.269811
0.514,6.97738,0.00153926,0.00170288,13.353,0.0437106,-0.009204,-91.0987,-1.01311,-0.266863
0.515,6.99069,0.00158246,0.00169355,13.2618,0.0426959,-0.00946934,-91.2957,-1.01626,-0.263802
0.516,7.00391,0.00162465,0.00168395,13.1704,0.0416782,-0.00973157,-91.4865,-1.01897,-0.26063
0.517,7.01703,0.00166582,0.00167408,13.0789,0.0406581,-0.00999057,-91.6712,-1.02125,-0.257348
0.518,7.03006,0.00170596,0.00166397,12.9871,0.0396358,-0.0102462,-91.8498,-1.02312,-0.253956
0.519,7.043,0.00174509,0.00165359,12.8952,0.038612,-0.0104984,-92.0222,-1.02457,-0.250456
0.52,7.05585,0.00178319,0.00164297,12.803,0.0375868,-0.0107471,-92.1883,-1.02563,-0.246849
0.521,7.06861,0.00182026,0.0016321,12.7108,0.0365608,-0.0109921,-92.3483,-1.02629,-0.243135
0.522,7.08127,0.00185631,0.00162099,12.6184,0.0355344,-0.0112333,-92.5021,-1.02658,-0.239315
0.523,7.09385,0.00189133,0.00160963,12.5258,0.0345078,-0.0114707,-92.6496,-1.02649,-0.235391
0.524,7.10633,0.00192533,0.00159805,12.4331,0.0334815,-0.0117041,-92.7908,-1.02604,-0.231364
0.525,7.11871,0.00195829,0.00158623,12.3402,0.0324558,-0.0119334,-92.9257,-1.02524,-0.227234
0.526,7.13101,0.00199024,0.00157418,12.2472,0.0314312,-0.0121585,-93.0544,-1.02408,-0.223003
0.527,7.14321,0.00202116,0.00156191,12.1541,0.0304078,-0.0123794,-93.1768,-1.0226,-0.218671
0.528,7.15531,0.00205105,0.00154942,12.0609,0.0293861,-0.0125958,-93.2928,-1.02078,-0.21424
0.529,7.16733,0.00207993,0.00153672,11.9675,0.0283663,-0.0128078,-93.4024,-1.01865,-0.20971
0.53,7.17925,0.00210779,0.00152381,11.8741,0.0273489,-0.0130152,-93.5057,-1.01621,-0.205083
0.531,7.19108,0.00213463,0.00151069,11.7805,0.026334,-0.0132179,-93.6027,-1.01347,-0.200358
0.532,7.20281,0.00216046,0.00149738,11.6868,0.025322,-0.0134159,-93.6932,-1.01043,-0.195539
0.533,7.21445,0.00218527,0.00148386,11.5931,0.0243132,-0.013609,-93.7773,-1.00712,-0.190624
0.534,7.226,0.00220908,0.00147016,11.4993,0.0233079,-0.0137971,-93.855,-1.00353,-0.185616
0.535,7.23745,0.00223189,0.00145627,11.4054,0.0223063,-0.0139802,-93.9262,-0.999676,-0.180516
0.536,7.24881,0.0022537,0.0014422,11.3114,0.0213086,-0.0141581,-93.991,-0.995569,-0.175324
0.537,7.26007,0.00227451,0.00142796,11.2174,0.0203152,-0.0143308,-94.0492,-0.991216,-0.170041
0.538,7.27124,0.00229433,0.00141354,11.1233,0.0193263,-0.0144982,-94.101,-0.986626,-0.164668
0.539,7.28232,0.00231316,0.00139896,11.0292,0.018342,-0.0146601,-94.1463,-0.981808,-0.159206
0.54,7.2933,0.00233101,0.00138422,10.9351,0.0173627,-0.0148166,-94.185,-0.976772,-0.153657
0.541,7.30419,0.00234789,0.00136933,10.8409,0.0163886,-0.0149674,-94.2171,-0.971526,-0.148021
0.542,7.31498,0.00236379,0.00135429,10.7466,0.0154198,-0.0151126,-94.2427,-0.966079,-0.142299
0.543,7.32568,0.00237873,0.00133911,10.6524,0.0144565,-0.015252,-94.2618,-0.96044,-0.136493
0.544,7.33629,0.00239271,0.00132379,10.5581,0.0134989,-0.0153855,-94.2742,-0.954619,-0.130603
0.545,7.3468,0.00240573,0.00130834,10.4638,0.0125473,-0.0155132,-94.28,-0.948624,-0.124629
0.546,7.35721,0.00241781,0.00129276,10.3695,0.0116017,-0.0156348,-94.2791,-0.942465,-0.118574
0.547,7.36754,0.00242894,0.00127707,10.2753,0.0106624,-0.0157503,-94.2716,-0.93615,-0.112438
0.548,7.37742,0.0024388,0.00126181,10.1842,0.00976139,-0.015856,-94.258,-0.929911,-0.106438
0.549,7.38755,0.0024481,0.0012459,10.09,0.00883477,-0.0159593,-94.2374,-0.923303,-0.100152
0.55,7.3976,0.00245647,0.00122989,9.99577,0.00791483,-0.0160562,-94.2101,-0.916543,-0.0937964
0.551,7.40754,0.00246393,0.00121379,9.90158,0.00700174,-0.0161468,-94.1761,-0.909628,-0.0873785
0.552,7.4174,0.00247048,0.0011976,9.80742,0.00609563,-0.016231,-94.1353,-0.902555,-0.0809033
0.553,7.42716,0.00247612,0.00118133,9.71331,0.00519668,-0.0163086,-94.0878,-0.895321,-0.0743766
0.554,7.43683,0.00248087,0.00116499,9.61925,0.00430504,-0.0163797,-94.0336,-0.887923,-0.067804
0.555,7.4464,0.00248473,0.00114857,9.52524,0.00342089,-0.0164442,-93.9727,-0.880359,-0.0611913
0.556,7.45588,0.00248772,0.0011321,9.4313,0.00254438,-0.0165021,-93.905,-0.872626,-0.0545441
0.557,7.46526,0.00248982,0.00111557,9.33743,0.00167569,-0.0165533,-93.8305,-0.86472,-0.047868
0.558,7.47455,0.00249107,0.001099,9.24364,0.000815,-0.0165978,-93.7492,-0.85664,-0.0411688
0.559,7.48375,0.00249146,0.00108238,9.14994,-3.75258e-05,-0.0166356,-93.6611,-0.848382,-0.0344522
0.56,7.49285,0.002491,0.00106573,9.05632,-0.000881704,-0.0166667,-93.5663,-0.839944,-0.0277238
0.561,7.50186,0.0024897,0.00104905,8.96281,-0.00171735,-0.0166911,-93.4646,-0.831322,-0.0209892
0.562,7.51078,0.00248757,0.00103235,8.8694,-0.00254429,-0.0167087,-93.3561,-0.822514,-0.0142543
0.563,7.5196,0.00248461,0.00101563,8.7761,-0.00336232,-0.0167196,-93.2407,-0.813518,-0.00752456
0.564,7.52833,0.00248084,0.000998909,8.68292,-0.00417126,-0.0167237,-93.1185,-0.804329,-0.000805778
0.565,7.53697,0.00247627,0.000982186,8.58986,-0.00497091,-0.0167212,-92.9894,-0.794947,0.00589639
0.566,7.54551,0.00247091,0.000965469,8.49694,-0.00576109,-0.016712,-92.8535,-0.785366,0.0125763
0.567,7.55396,0.00246475,0.000948765,8.40416,-0.00654158,-0.0166961,-92.7107,-0.775586,0.0192282
0.568,7.56232,0.00245783,0.000932079,8.31152,-0.00731219,-0.0166735,-92.5609,-0.765603,0.0258465
0.569,7.57058,0.00245013,0.00091542,8.21904,-0.00807272,-0.0166444,-92.4043,-0.755414,0.0324254
0.57,7.57876,0.00244168,0.000898793,8.12672,-0.00882295,-0.0166087,-92.2408,-0.745016,0.0389594
0.571,7.58684,0.00243249,0.000882204,8.03456,-0.00956268,-0.0165665,-92.0703,-0.734407,0.0454427
0.572,7.59482,0.00242256,0.000865662,7.94258,-0.0102917,-0.0165178,-91.8929,-0.723584,0.0518696
0.573,7.60272,0.00241191,0.000849171,7.85078,-0.0110098,-0.0164628,-91.7085,-0.712543,0.0582345
0.574,7.61053,0.00240055,0.000832738,7.75916,-0.0117167,-0.0164014,-91.5172,-0.701283,0.0645317
0.575,7.61824,0.00238848,0.00081637,7.66774,-0.0124123,-0.0163337,-91.3189,-0.6898,0.0707555
0.576,7.62586,0.00237573,0.000800073,7.57653,-0.0130962,-0.0162599,-91.1136,-0.678092,0.0769002
0.577,7.63339,0.00236229,0.000783853,7.48552,-0.0137684,-0.0161799,-90.9013,-0.666156,0.0829602
0.578,7.64083,0.00234819,0.000767715,7.39473,-0.0144285,-0.016094,-90.682,-0.653988,0.0889298
0.579,7.64818,0.00233344,0.000751667,7.30416,-0.0150763,-0.0160021,-90.4557,-0.641587,0.0948033
0.58,7.65544,0.00231804,0.000735713,7.21382,-0.0157116,-0.0159044,-90.2223,-0.628949,0.100575
0.581,7.66261,0.00230202,0.00071986,7.12372,-0.0163341,-0.015801,-89.982,-0.616071,0.106239
0.582,7.66969,0.00228538,0.000704113,7.03386,-0.0169436,-0.015692,-89.7345,-0.602951,0.11179
0.583,7.67668,0.00226814,0.000688478,6.94425,-0.0175399,-0.0155775,-89.48,-0.589586,0.117223
0.584,7.68358,0.0022503,0.00067296,6.8549,-0.0181227,-0.0154576,-89.2184,-0.575973,0.12253
0.585,7.69039,0.0022319,0.000657564,6.76581,-0.0186918,-0.0153324,-88.9498,-0.562109,0.127708
0.586,7.69711,0.00221293,0.000642296,6.677,-0.0192468,-0.0152022,-88.674,-0.547992,0.13275
0.587,7.70374,0.00219341,0.000627161,6.58847,-0.0197877,-0.015067,-88.3911,-0.533618,0.13765
0.588,7.71239,0.00216675,0.000607339,6.47171,-0.0204813,-0.0148806,-88.0057,-0.514194,0.14391
0.589,7.71881,0.00214602,0.000592531,6.38386,-0.020988,-0.0147344,-87.7063,-0.499232,0.148466
0.59,7.72515,0.00212478,0.000577871,6.2963,-0.0214796,-0.0145837,-87.3998,-0.484035,0.152872
0.591,7.73141,0.00210306,0.000563365,6.20906,-0.021956,-0.0144287,-87.0862,-0.468616,0.157128
0.592,7.73757,0.00208087,0.000549015,6.12213,-0.0224168,-0.0142695,-86.7655,-0.452988,0.161234
0.593,7.74365,0.00205823,0.000534827,6.03553,-0.0228619,-0.0141063,-86.4378,-0.437164,0.165189
0.594,7.74964,0.00203515,0.000520804,5.94926,-0.0232911,-0.0139392,-86.1029,-0.421156,0.168993
0.595,7.75555,0.00201166,0.00050695,5.86333,-0.0237041,-0.0137684,-85.7611,-0.404977,0.172646
0.596,7.76137,0.00198775,0.000493268,5.77774,-0.024101,-0.0135939,-85.4121,-0.38864,0.176147
0.597,7.7671,0.00196346,0.000479763,5.6925,-0.0244814,-0.0134161,-85.0562,-0.372158,0.179497
0.598,7.77275,0.00193879,0.000466437,5.60763,-0.0248452,-0.013235,-84.6932,-0.355542,0.182694
0.599,7.77832,0.00191377,0.000453294,5.52312,-0.0251924,-0.0130508,-84.3232,-0.338807,0.185738
0.6,7.7838,0.00188842,0.000440337,5.43898,-0.0255228,-0.0128636,-83.9463,-0.321965,0.18863
0.601,7.7892,0.00186273,0.000427568,5.35523,-0.0258363,-0.0126736,-83.5623,-0.305028,0.191369
0.602,7.79451,0.00183675,0.00041499,5.27186,-0.0261328,-0.0124809,-83.1713,-0.288009,0.193954
0.603,7.79974,0.00181047,0.000402607,5.18889,-0.0264123,-0.0122857,-82.7734,-0.270921,0.196385
0.604,7.80489,0.00178393,0.00039042,5.10632,-0.0266747,-0.0120882,-82.3685,-0.253777,0.198662
0.605,7.80995,0.00175713,0.000378431,5.02415,-0.0269199,-0.0118884,-81.9567,-0.236589,0.200785
0.606,7.81494,0.0017301,0.000366644,4.94241,-0.0271478,-0.0116867,-81.5379,-0.219371,0.202753
0.607,7.81984,0.00170284,0.000355059,4.86108,-0.0273586,-0.011483,-81.1122,-0.202134,0.204565
0.608,7.82466,0.00167538,0.000343678,4.78019,-0.0275521,-0.0112776,-80.6795,-0.184892,0.206223
0.609,7.8294,0.00164774,0.000332504,4.69972,-0.0277284,-0.0110706,-80.24,-0.167658,0.207724
0.61,7.83406,0.00161993,0.000321538,4.61971,-0.0278874,-0.0108622,-79.7936,-0.150443,0.20907
0.611,7.83864,0.00159197,0.00031078,4.54014,-0.0280293,-0.0106525,-79.3402,-0.133262,0.210259
0.612,7.84314,0.00156388,0.000300233,4.46103,-0.028154,-0.0104417,-78.88,-0.116126,0.211292
0.613,7.84756,0.00153567,0.000289897,4.38238,-0.0282615,-0.01023,-78.4129,-0.099048,0.212167
0.614,7.85191,0.00150736,0.000279773,4.30421,-0.0283521,-0.0100174,-77.939,-0.0820415,0.212886
0.615,7.85617,0.00147897,0.000269862,4.22651,-0.0284257,-0.00980425,-77.4582,-0.0651187,0.213446
0.616,7.86036,0.00145052,0.000260165,4.14929,-0.0284824,-0.00959059,-76.9706,-0.0482926,0.213849
0.617,7.86447,0.00142201,0.000250681,4.07257,-0.0285223,-0.00937661,-76.4761,-0.0315757,0.214093
0.618,7.8685,0.00139348,0.000241412,3.99634,-0.0285455,-0.00916246,-75.9749,-0.0149808,0.214179
0.619,7.87246,0.00136493,0.000232356,3.92062,-0.0285523,-0.0089483,-75.4668,0.00147928,0.214106
0.62,7.87635,0.00133638,0.000223515,3.84541,-0.0285426,-0.0087343,-74.9519,0.0177919,0.213873
0.621,7.88015,0.00130785,0.000214888,3.77072,-0.0285168,-0.00852061,-74.4302,0.0339442,0.213481
0.622,7.88389,0.00127935,0.000206474,3.69655,-0.0284748,-0.00830739,-73.9018,0.0499236,0.212929
0.623,7.88755,0.0012509,0.000198273,3.62292,-0.028417,-0.0080948,-73.3666,0.0657173,0.212217
0.624,7.89113,0.00122252,0.000190284,3.54982,-0.0283434,-0.00788301,-72.8246,0.0813125,0.211345
0.625,7.89465,0.00119422,0.000182506,3.47727,-0.0282544,-0.00767217,-72.2759,0.0966965,0.210312
0.626,7.89809,0.00116602,0.000174939,3.40527,-0.0281501,-0.00746244,-71.7205,0.111857,0.209117
0.627,7.90146,0.00113793,0.000167581,3.33383,-0.0280308,-0.00725399,-71.1583,0.12678,0.207761
0.628,7.90476,0.00110996,0.000160431,3.26296,-0.0278966,-0.00704697,-70.5894,0.141454,0.206243
0.629,7.90906,0.00107272,0.000151174,3.16891,-0.0276942,-0.00677217,-69.8168,0.160701,0.203957
0.63,7.9122,0.00104511,0.000144504,3.09938,-0.0275264,-0.00656914,-69.2322,0.174752,0.202067
0.631,7.91526,0.00101767,0.000138035,3.03044,-0.0273448,-0.00636808,-68.6409,0.188527,0.200027
0.632,7.91826,0.000990426,0.000131767,2.9621,-0.0271495,-0.00616914,-68.043,0.202023,0.197842
0.633,7.92119,0.000963379,0.000125696,2.89436,-0.0269408,-0.00597245,-67.4384,0.215234,0.19552
0.634,7.92405,0.000936548,0.000119821,2.82723,-0.0267191,-0.00577814,-66.8271,0.228158,0.193066
0.635,7.92684,0.000909945,0.000114139,2.76071,-0.0264846,-0.00558636,-66.2091,0.240789,0.190485
0.636,7.92957,0.000883583,0.000108648,2.69481,-0.0262376,-0.00539721,-65.5845,0.253122,0.187785
0.637,7.93223,0.000857474,0.000103344,2.62954,-0.0259785,-0.00521082,-64.9533,0.265154,0.184971
0.638,7.93483,0.00083163,9.82251e-05,2.56491,-0.0257074,-0.00502731,-64.3154,0.276881,0.182049
0.639,7.93736,0.000806063,9.32883e-05,2.50091,-0.0254248,-0.00484676,-63.6709,0.288297,0.179025
0.64,7.93983,0.000780784,8.85305e-05,2.43757,-0.0251309,-0.00466929,-63.0197,0.299399,0.175905
0.641,7.94224,0.000755805,8.39487e-05,2.37488,-0.0248261,-0.00449498,-62.362,0.310181,0.172696
0.642,7.94458,0.000731136,7.95395e-05,2.31284,-0.0245107,-0.00432393,-61.6976,0.320641,0.169402
0.643,7.94686,0.000706787,7.52997e-05,2.25148,-0.0241849,-0.0041562,-61.0266,0.330773,0.166032
0.644,7.94908,0.000682769,7.12259e-05,2.19079,-0.0238492,-0.00399189,-60.349,0.340572,0.162589
0.645,7.95124,0.000659092,6.73148e-05,2.13079,-0.0235039,-0.00383105,-59.6648,0.350036,0.159081
0.646,7.95335,0.000635764,6.35627e-05,2.07147,-0.0231493,-0.00367374,-58.9741,0.359158,0.155513
0.647,7.95539,0.000612796,5.99661e-05,2.01284,-0.0227857,-0.00352004,-58.2767,0.367935,0.151892
0.648,7.95737,0.000590196,5.65214e-05,1.95491,-0.0224135,-0.00336998,-57.5728,0.376363,0.148223
0.649,7.9593,0.000567972,5.32249e-05,1.8977,-0.0220331,-0.0032236,-56.8623,0.384437,0.144513
0.65,7.96117,0.000546132,5.00729e-05,1.84119,-0.0216448,-0.00308096,-56.1453,0.392152,0.140768
0.651,7.96298,0.000524685,4.70617e-05,1.78541,-0.0212489,-0.00294208,-55.4217,0.399505,0.136993
0.652,7.96474,0.000503637,4.41875e-05,1.73035,-0.0208459,-0.00280698,-54.6916,0.406491,0.133195
0.653,7.96644,0.000482995,4.14465e-05,1.67603,-0.0204361,-0.00267569,-53.9549,0.413105,0.129379
0.654,7.96809,0.000462767,3.88348e-05,1.62244,-0.0200198,-0.00254823,-53.2117,0.419344,0.125552
0.655,7.96969,0.000442958,3.63488e-05,1.56961,-0.0195975,-0.00242459,-52.462,0.425202,0.12172
0.656,7.97123,0.000423574,3.39844e-05,1.51752,-0.0191695,-0.00230479,-51.7057,0.430676,0.117889
0.657,7.97272,0.00040462,3.17379e-05,1.4662,-0.0187363,-0.00218881,-50.943,0.435761,0.114065
0.658,7.97416,0.000386103,2.96055e-05,1.41564,-0.0182981,-0.00207665,-50.1737,0.440453,0.110253
0.659,7.97555,0.000368026,2.75833e-05,1.36585,-0.0178555,-0.0019683,-49.3979,0.444747,0.106461
0.66,7.97689,0.000350393,2.56676e-05,1.31684,-0.0174088,-0.00186372,-48.6157,0.448639,0.102693
0.661,7.97819,0.000333209,2.38546e-05,1.26862,-0.0169584,-0.0017629,-47.827,0.452125,0.0989564
0.662,7.97943,0.000316478,2.21406e-05,1.22119,-0.0165047,-0.0016658,-47.0318,0.4552,0.0952568
0.663,7.98063,0.000300201,2.05218e-05,1.17456,-0.0160481,-0.00157237,-46.2301,0.45786,0.0916003
0.664,7.98178,0.000284382,1.89946e-05,1.12873,-0.0155891,-0.00148258,-45.422,0.4601,0.087993
0.665,7.98289,0.000269024,1.75555e-05,1.08372,-0.015128,-0.00139637,-44.6074,0.461916,0.0844407
0.666,7.98395,0.000254127,1.62007e-05,1.03952,-0.0146654,-0.00131368,-43.7864,0.463305,0.0809497
0.667,7.98497,0.000239693,1.49269e-05,0.996149,-0.0142016,-0.00123445,-42.9589,0.46426,0.0775259
0.668,7.98594,0.000225724,1.37307e-05,0.953606,-0.013737,-0.0011586,-42.125,0.464779,0.0741754
0.669,7.98687,0.000212219,1.26086e-05,0.911901,-0.0132722,-0.00108607,-41.2846,0.464856,0.0709042
0.67,7.98777,0.000199179,1.15575e-05,0.871039,-0.0128075,-0.00101677,-40.4379,0.464487,0.0677183
0.671,7.98825,0.000192021,1.0994e-05,0.848338,-0.0125453,-0.000979023,-39.9569,0.46408,0.065958
0.672,7.98908,0.000179707,1.00474e-05,0.808809,-0.0120817,-0.000914596,-39.1001,0.463005,0.0629094
0.673,7.98987,0.000167857,9.16378e-06,0.77014,-0.0116194,-0.000853175,-38.2369,0.461472,0.0599473
0.674,7.99062,0.000156468,8.3401e-06,0.732338,-0.0111589,-0.000794673,-37.3673,0.459476,0.0570706
0.675,7.99133,0.000145538,7.57349e-06,0.695408,-0.0107006,-0.000739006,-36.4914,0.457013,0.0542781
0.676,7.99201,0.000135066,6.86117e-06,0.659357,-0.010245,-0.000686089,-35.609,0.454077,0.0515687
0.677,7.99265,0.000125047,6.20042e-06,0.624192,-0.0097926,-0.000635841,-34.7204,0.450665,0.0489414
0.678,7.99326,0.000115479,5.58863e-06,0.589919,-0.00934385,-0.00058818,-33.8253,0.44677,0.0463948
0.679,7.99383,0.000106358,5.02323e-06,0.556543,-0.00889923,-0.000543025,-32.924,0.442389,0.043928
0.68,7.99437,9.76794e-05,4.50177e-06,0.524073,-0.00845923,-0.000500297,-32.0162,0.437516,0.0415399
0.681,7.99488,8.94381e-05,4.02185e-06,0.492513,-0.00802436,-0.000459919,-31.1022,0.432147,0.0392291
0.682,7.99536,8.16288e-05,3.58117e-06,0.46187,-0.0075951,-0.000421814,-30.1819,0.426277,0.0369948
0.683,7.99581,7.42458e-05,3.17749e-06,0.432151,-0.00717197,-0.000385905,-29.2552,0.419901,0.0348356
0.684,7.99622,6.72827e-05,2.80865e-06,0.403362,-0.00675547,-0.000352118,-28.3223,0.413014,0.0327505
0.685,7.99661,6.07325e-05,2.47257e-06,0.375509,-0.00634612,-0.000320379,-27.383,0.405611,0.0307384
0.686,7.99698,5.45879e-05,2.16724e-06,0.348598,-0.00594442,-0.000290617,-26.4375,0.397688,0.0287982
0.687,7.99731,4.88409e-05,1.8907e-06,0.322636,-0.00555092,-0.000262759,-25.4858,0.38924,0.0269286
0.688,7.99762,4.34832e-05,1.64111e-06,0.297629,-0.00516612,-0.000236737,-24.5277,0.380262,0.0251286
0.689,7.99791,3.85056e-05,1.41664e-06,0.273583,-0.00479057,-0.000212479,-23.5634,0.37075,0.0233971
0.69,7.99817,3.38988e-05,1.21558e-06,0.250504,-0.0044248,-0.00018992,-22.5929,0.360697,0.0217329
0.691,7.99841,2.96526e-05,1.03626e-06,0.228399,-0.00406936,-0.000168992,-21.6162,0.3501,0.0201349
0.692,7.99863,2.57564e-05,8.77077e-07,0.207274,-0.00372478,-0.000149629,-20.6332,0.338954,0.0186019
0.693,7.99882,2.21992e-05,7.36502e-07,0.187135,-0.00339163,-0.000131766,-19.644,0.327254,0.0171329
0.694,7.999,1.89692e-05,6.13065e-07,0.167988,-0.00307046,-0.000115342,-18.6486,0.314995,0.0157267
0.695,7.99916,1.60541e-05,5.0536e-07,0.149839,-0.00276183,-0.000100293,-17.647,0.302172,0.0143822
0.696,7.9993,1.34411e-05,4.12042e-07,0.132696,-0.00246631,-8.65574e-05,-16.6393,0.288781,0.0130982
0.697,7.99942,1.11169e-05,3.31827e-07,0.116563,-0.00218446,-7.40764e-05,-15.6253,0.274817,0.0118736
0.698,7.99953,9.06746e-06,2.63491e-07,0.101447,-0.00191686,-6.27907e-05,-14.6052,0.260274,0.0107074
0.699,7.99963,7.27824e-06,2.05867e-07,0.0873545,-0.0016641,-5.26425e-05,-13.579,0.245149,0.00959832
0.7,7.99971,5.73411e-06,1.57845e-07,0.0742912,-0.00142676,-4.35753e-05,-12.5466,0.229436,0.00854529
0.701,7.99978,4.41937e-06,1.18374e-07,0.0622634,-0.00120543,-3.55336e-05,-11.508,0.21313,0.00754717
0.702,7.99983,3.31772e-06,8.64544e-08,0.0512772,-0.0010007,-2.84631e-05,-10.4634,0.196227,0.00660284
0.703,7.99988,2.41223e-06,6.1142e-08,0.0413387,-0.000813178,-2.23104e-05,-9.41258,0.178722,0.00571117
0.704,7.99992,1.68542e-06,4.1545e-08,0.0324541,-0.000643461,-1.70235e-05,-8.35569,0.16061,0.00487103
0.705,7.99994,1.11917e-06,2.68233e-08,0.0246294,-0.000492163,-1.25515e-05,-7.2927,0.141886,0.00408129
0.706,7.99997,6.94755e-07,1.61869e-08,0.0178707,-0.000359896,-8.84454e-06,-6.22361,0.122545,0.00334083
0.707,7.99998,3.92831e-07,8.89543e-09,0.0121842,-0.00024728,-5.85384e-06,-5.14845,0.102583,0.00264851
0.708,7.99999,1.93437e-07,4.25637e-09,0.00757584,-0.000154938,-3.53184e-06,-4.06721,0.0819949,0.00200322
0.709,8,7.59863e-08,1.62434e-09,0.00405178,-8.35002e-05,-1.83211e-06,-2.97991,0.0607758,0.00140381
0.71,8,1.92581e-08,3.99853e-10,0.00161804,-3.35987e-05,-7.09302e-07,-1.88656,0.0389208,0.000849169
0.711,8,1.39726e-09,2.81715e-11,0.000280669,-5.87221e-06,-1.19226e-07,-0.787167,0.0164251,0.000338162
